SET NAMES utf8mb4;

-- Data notes:
-- 1. The team list follows the 48-team FIFA World Cup 2026 group structure, Groups A-L.
-- 2. Group-stage fixtures use the published FIFA World Cup 2026 Match 1-72 order; kickoff is stored as Beijing time (ET + 12h).
-- 3. Player names are representative public football data; card ratings, rarity, virtual values and trends are simulated.

INSERT INTO national_team (team_id, team_name, country_code, flag_url, fifa_rank, group_name) VALUES
(1, 'Mexico', 'MEX', 'https://flagcdn.com/w80/mx.png', 15, 'A'),
(2, 'South Africa', 'RSA', 'https://flagcdn.com/w80/za.png', 59, 'A'),
(3, 'South Korea', 'KOR', 'https://flagcdn.com/w80/kr.png', 23, 'A'),
(4, 'Czech Republic', 'CZE', 'https://flagcdn.com/w80/cz.png', 39, 'A'),
(5, 'Canada', 'CAN', 'https://flagcdn.com/w80/ca.png', 31, 'B'),
(6, 'Bosnia & Herzegovina', 'BIH', 'https://flagcdn.com/w80/ba.png', 74, 'B'),
(7, 'Qatar', 'QAT', 'https://flagcdn.com/w80/qa.png', 53, 'B'),
(8, 'Switzerland', 'SUI', 'https://flagcdn.com/w80/ch.png', 19, 'B'),
(9, 'Brazil', 'BRA', 'https://flagcdn.com/w80/br.png', 5, 'C'),
(10, 'Morocco', 'MAR', 'https://flagcdn.com/w80/ma.png', 12, 'C'),
(11, 'Haiti', 'HAI', 'https://flagcdn.com/w80/ht.png', 83, 'C'),
(12, 'Scotland', 'SCO', 'https://flagcdn.com/w80/gb-sct.png', 45, 'C'),
(13, 'USA', 'USA', 'https://flagcdn.com/w80/us.png', 16, 'D'),
(14, 'Paraguay', 'PAR', 'https://flagcdn.com/w80/py.png', 48, 'D'),
(15, 'Australia', 'AUS', 'https://flagcdn.com/w80/au.png', 25, 'D'),
(16, 'Turkey', 'TUR', 'https://flagcdn.com/w80/tr.png', 26, 'D'),
(17, 'Germany', 'GER', 'https://flagcdn.com/w80/de.png', 9, 'E'),
(18, 'Curacao', 'CUW', 'https://flagcdn.com/w80/cw.png', 88, 'E'),
(19, 'Cote d''Ivoire', 'CIV', 'https://flagcdn.com/w80/ci.png', 42, 'E'),
(20, 'Ecuador', 'ECU', 'https://flagcdn.com/w80/ec.png', 32, 'E'),
(21, 'Netherlands', 'NED', 'https://flagcdn.com/w80/nl.png', 7, 'F'),
(22, 'Japan', 'JPN', 'https://flagcdn.com/w80/jp.png', 18, 'F'),
(23, 'Sweden', 'SWE', 'https://flagcdn.com/w80/se.png', 28, 'F'),
(24, 'Tunisia', 'TUN', 'https://flagcdn.com/w80/tn.png', 41, 'F'),
(25, 'Belgium', 'BEL', 'https://flagcdn.com/w80/be.png', 8, 'G'),
(26, 'Egypt', 'EGY', 'https://flagcdn.com/w80/eg.png', 34, 'G'),
(27, 'Iran', 'IRN', 'https://flagcdn.com/w80/ir.png', 20, 'G'),
(28, 'New Zealand', 'NZL', 'https://flagcdn.com/w80/nz.png', 93, 'G'),
(29, 'Spain', 'ESP', 'https://flagcdn.com/w80/es.png', 1, 'H'),
(30, 'Cape Verde', 'CPV', 'https://flagcdn.com/w80/cv.png', 64, 'H'),
(31, 'Saudi Arabia', 'KSA', 'https://flagcdn.com/w80/sa.png', 56, 'H'),
(32, 'Uruguay', 'URU', 'https://flagcdn.com/w80/uy.png', 11, 'H'),
(33, 'France', 'FRA', 'https://flagcdn.com/w80/fr.png', 3, 'I'),
(34, 'Senegal', 'SEN', 'https://flagcdn.com/w80/sn.png', 17, 'I'),
(35, 'Iraq', 'IRQ', 'https://flagcdn.com/w80/iq.png', 58, 'I'),
(36, 'Norway', 'NOR', 'https://flagcdn.com/w80/no.png', 24, 'I'),
(37, 'Argentina', 'ARG', 'https://flagcdn.com/w80/ar.png', 2, 'J'),
(38, 'Algeria', 'ALG', 'https://flagcdn.com/w80/dz.png', 36, 'J'),
(39, 'Austria', 'AUT', 'https://flagcdn.com/w80/at.png', 21, 'J'),
(40, 'Jordan', 'JOR', 'https://flagcdn.com/w80/jo.png', 62, 'J'),
(41, 'Portugal', 'POR', 'https://flagcdn.com/w80/pt.png', 6, 'K'),
(42, 'DR Congo', 'COD', 'https://flagcdn.com/w80/cd.png', 60, 'K'),
(43, 'Uzbekistan', 'UZB', 'https://flagcdn.com/w80/uz.png', 50, 'K'),
(44, 'Colombia', 'COL', 'https://flagcdn.com/w80/co.png', 13, 'K'),
(45, 'England', 'ENG', 'https://flagcdn.com/w80/gb-eng.png', 4, 'L'),
(46, 'Croatia', 'CRO', 'https://flagcdn.com/w80/hr.png', 10, 'L'),
(47, 'Ghana', 'GHA', 'https://flagcdn.com/w80/gh.png', 68, 'L'),
(48, 'Panama', 'PAN', 'https://flagcdn.com/w80/pa.png', 38, 'L');

INSERT INTO user_info (user_id, username, nickname, total_points, favorite_team_id) VALUES
(1, 'azteca_host', 'AztecaAce', 120, 1),
(2, 'maple_press', 'MaplePress', 95, 5),
(3, 'samba_star', 'SambaStar', 88, 9),
(4, 'tartan_mid', 'TartanBoss', 76, 12),
(5, 'card_trader', 'CardTrader', 64, 8),
(6, 'usa_runner', 'EagleRunner', 52, 13),
(7, 'atlas_lion', 'AtlasLion', 41, 10),
(8, 'euro_scout', 'EuroScout', 33, 45),
(9, 'orange_wall', 'OrangeWall', 28, 21),
(10, 'red_fury', 'RedFury', 24, 29),
(11, 'albiceleste', 'BlueWhite10', 18, 37),
(12, 'three_lions', 'ThreeLions', 14, 45),
(13, 'samurai_pass', 'SamuraiPass', 9, 22),
(14, 'desert_falcon', 'DesertFalcon', 6, 31),
(15, 'golden_boot', 'GoldenBoot', 3, 41),
(16, 'newbie_keeper', 'NewbieKeeper', 0, 28);

INSERT INTO player (player_id, player_name, team_id, position, age, club, market_value, photo_url, is_in_squad) VALUES
(1, 'Guillermo Ochoa', 1, 'GK', 40, 'AVS', 80.00, '', TRUE),
(2, 'Edson Alvarez', 1, 'MF', 28, 'West Ham United', 2500.00, '', TRUE),
(3, 'Santiago Gimenez', 1, 'FW', 25, 'AC Milan', 4500.00, '', TRUE),
(4, 'Hirving Lozano', 1, 'FW', 30, 'San Diego FC', 1200.00, '', TRUE),
(5, 'Ronwen Williams', 2, 'GK', 34, 'Mamelodi Sundowns', 120.00, '', TRUE),
(6, 'Teboho Mokoena', 2, 'MF', 29, 'Mamelodi Sundowns', 250.00, '', TRUE),
(7, 'Percy Tau', 2, 'FW', 32, 'Qatar SC', 180.00, '', TRUE),
(8, 'Themba Zwane', 2, 'MF', 36, 'Mamelodi Sundowns', 80.00, '', TRUE),
(9, 'Son Heung-min', 3, 'FW', 33, 'Tottenham Hotspur', 2800.00, '', TRUE),
(10, 'Kim Min-jae', 3, 'DF', 29, 'Bayern Munich', 4500.00, '', TRUE),
(11, 'Lee Kang-in', 3, 'MF', 25, 'Paris Saint-Germain', 3000.00, '', TRUE),
(12, 'Hwang Hee-chan', 3, 'FW', 30, 'Wolverhampton Wanderers', 2200.00, '', TRUE),
(13, 'Patrik Schick', 4, 'FW', 30, 'Bayer Leverkusen', 2200.00, '', TRUE),
(14, 'Tomas Soucek', 4, 'MF', 31, 'West Ham United', 1800.00, '', TRUE),
(15, 'Adam Hlozek', 4, 'FW', 23, 'Hoffenheim', 1800.00, '', TRUE),
(16, 'Vladimir Coufal', 4, 'DF', 33, 'West Ham United', 300.00, '', TRUE),
(17, 'Alphonso Davies', 5, 'DF', 25, 'Bayern Munich', 5000.00, '', TRUE),
(18, 'Jonathan David', 5, 'FW', 26, 'Juventus', 4500.00, '', TRUE),
(19, 'Stephen Eustaquio', 5, 'MF', 29, 'Porto', 1200.00, '', TRUE),
(20, 'Cyle Larin', 5, 'FW', 31, 'Mallorca', 600.00, '', TRUE),
(21, 'Edin Dzeko', 6, 'FW', 40, 'Fenerbahce', 250.00, '', TRUE),
(22, 'Ermedin Demirovic', 6, 'FW', 28, 'VfB Stuttgart', 2800.00, '', TRUE),
(23, 'Anel Ahmedhodzic', 6, 'DF', 27, 'Sheffield United', 1500.00, '', TRUE),
(24, 'Sead Kolasinac', 6, 'DF', 33, 'Atalanta', 450.00, '', TRUE),
(25, 'Akram Afif', 7, 'FW', 29, 'Al Sadd', 450.00, '', TRUE),
(26, 'Almoez Ali', 7, 'FW', 29, 'Al Duhail', 350.00, '', TRUE),
(27, 'Meshaal Barsham', 7, 'GK', 28, 'Al Sadd', 200.00, '', TRUE),
(28, 'Hassan Al-Haydos', 7, 'MF', 35, 'Al Sadd', 120.00, '', TRUE),
(29, 'Granit Xhaka', 8, 'MF', 33, 'Bayer Leverkusen', 1500.00, '', TRUE),
(30, 'Manuel Akanji', 8, 'DF', 30, 'Manchester City', 2800.00, '', TRUE),
(31, 'Gregor Kobel', 8, 'GK', 28, 'Borussia Dortmund', 3500.00, '', TRUE),
(32, 'Breel Embolo', 8, 'FW', 29, 'Monaco', 1200.00, '', TRUE),
(33, 'Vinicius Junior', 9, 'FW', 25, 'Real Madrid', 15000.00, '', TRUE),
(34, 'Rodrygo', 9, 'FW', 25, 'Real Madrid', 10000.00, '', TRUE),
(35, 'Alisson Becker', 9, 'GK', 33, 'Liverpool', 3500.00, '', TRUE),
(36, 'Bruno Guimaraes', 9, 'MF', 28, 'Newcastle United', 8000.00, '', TRUE),
(37, 'Achraf Hakimi', 10, 'DF', 27, 'Paris Saint-Germain', 6000.00, '', TRUE),
(38, 'Yassine Bounou', 10, 'GK', 35, 'Al Hilal', 900.00, '', TRUE),
(39, 'Hakim Ziyech', 10, 'MF', 33, 'Al Duhail', 450.00, '', TRUE),
(40, 'Youssef En-Nesyri', 10, 'FW', 29, 'Fenerbahce', 2000.00, '', TRUE),
(41, 'Duckens Nazon', 11, 'FW', 32, 'Kayserispor', 120.00, '', TRUE),
(42, 'Frantzdy Pierrot', 11, 'FW', 31, 'Maccabi Haifa', 200.00, '', TRUE),
(43, 'Johny Placide', 11, 'GK', 38, 'Bastia', 40.00, '', TRUE),
(44, 'Jean-Ricner Bellegarde', 11, 'MF', 28, 'Wolverhampton Wanderers', 1200.00, '', TRUE),
(45, 'Scott McTominay', 12, 'MF', 29, 'Napoli', 3000.00, '', TRUE),
(46, 'Andy Robertson', 12, 'DF', 32, 'Liverpool', 1800.00, '', TRUE),
(47, 'John McGinn', 12, 'MF', 31, 'Aston Villa', 1800.00, '', TRUE),
(48, 'Billy Gilmour', 12, 'MF', 25, 'Napoli', 1600.00, '', TRUE),
(49, 'Christian Pulisic', 13, 'FW', 27, 'AC Milan', 5000.00, '', TRUE),
(50, 'Gio Reyna', 13, 'MF', 23, 'Borussia Dortmund', 1800.00, '', TRUE),
(51, 'Weston McKennie', 13, 'MF', 27, 'Juventus', 2800.00, '', TRUE),
(52, 'Folarin Balogun', 13, 'FW', 24, 'Monaco', 3000.00, '', TRUE),
(53, 'Miguel Almiron', 14, 'MF', 32, 'Atlanta United', 500.00, '', TRUE),
(54, 'Julio Enciso', 14, 'FW', 22, 'Brighton & Hove Albion', 2200.00, '', TRUE),
(55, 'Gustavo Gomez', 14, 'DF', 33, 'Palmeiras', 600.00, '', TRUE),
(56, 'Diego Gomez', 14, 'MF', 23, 'Brighton & Hove Albion', 1500.00, '', TRUE),
(57, 'Mathew Ryan', 15, 'GK', 34, 'Lens', 350.00, '', TRUE),
(58, 'Harry Souttar', 15, 'DF', 27, 'Sheffield United', 900.00, '', TRUE),
(59, 'Jackson Irvine', 15, 'MF', 33, 'St. Pauli', 250.00, '', TRUE),
(60, 'Craig Goodwin', 15, 'FW', 34, 'Al Wehda', 180.00, '', TRUE),
(61, 'Hakan Calhanoglu', 16, 'MF', 32, 'Inter Milan', 4000.00, '', TRUE),
(62, 'Arda Guler', 16, 'MF', 21, 'Real Madrid', 5000.00, '', TRUE),
(63, 'Kenan Yildiz', 16, 'FW', 21, 'Juventus', 4500.00, '', TRUE),
(64, 'Kerem Akturkoglu', 16, 'FW', 27, 'Benfica', 2500.00, '', TRUE),
(65, 'Florian Wirtz', 17, 'MF', 23, 'Bayern Munich', 14000.00, '', TRUE),
(66, 'Jamal Musiala', 17, 'MF', 23, 'Bayern Munich', 14000.00, '', TRUE),
(67, 'Joshua Kimmich', 17, 'MF', 31, 'Bayern Munich', 6000.00, '', TRUE),
(68, 'Kai Havertz', 17, 'FW', 26, 'Arsenal', 7500.00, '', TRUE),
(69, 'Leandro Bacuna', 18, 'MF', 34, 'Groningen', 120.00, '', TRUE),
(70, 'Cuco Martina', 18, 'DF', 36, 'NAC Breda', 80.00, '', TRUE),
(71, 'Rangelo Janga', 18, 'FW', 34, 'Nea Salamis', 100.00, '', TRUE),
(72, 'Eloy Room', 18, 'GK', 37, 'Vitesse', 70.00, '', TRUE),
(73, 'Franck Kessie', 19, 'MF', 29, 'Al Ahli', 1800.00, '', TRUE),
(74, 'Sebastien Haller', 19, 'FW', 31, 'Utrecht', 700.00, '', TRUE),
(75, 'Simon Adingra', 19, 'FW', 24, 'Brighton & Hove Albion', 2500.00, '', TRUE),
(76, 'Seko Fofana', 19, 'MF', 31, 'Rennes', 900.00, '', TRUE),
(77, 'Moises Caicedo', 20, 'MF', 24, 'Chelsea', 8000.00, '', TRUE),
(78, 'Piero Hincapie', 20, 'DF', 24, 'Bayer Leverkusen', 4000.00, '', TRUE),
(79, 'Pervis Estupinan', 20, 'DF', 28, 'Brighton & Hove Albion', 3000.00, '', TRUE),
(80, 'Enner Valencia', 20, 'FW', 36, 'Internacional', 120.00, '', TRUE),
(81, 'Virgil van Dijk', 21, 'DF', 34, 'Liverpool', 2500.00, '', TRUE),
(82, 'Frenkie de Jong', 21, 'MF', 28, 'Barcelona', 6000.00, '', TRUE),
(83, 'Xavi Simons', 21, 'MF', 22, 'RB Leipzig', 8000.00, '', TRUE),
(84, 'Cody Gakpo', 21, 'FW', 27, 'Liverpool', 5500.00, '', TRUE),
(85, 'Takefusa Kubo', 22, 'MF', 25, 'Real Sociedad', 5000.00, '', TRUE),
(86, 'Kaoru Mitoma', 22, 'FW', 29, 'Brighton & Hove Albion', 4500.00, '', TRUE),
(87, 'Wataru Endo', 22, 'MF', 33, 'Liverpool', 900.00, '', TRUE),
(88, 'Takumi Minamino', 22, 'MF', 31, 'Monaco', 1200.00, '', TRUE),
(89, 'Alexander Isak', 23, 'FW', 26, 'Newcastle United', 12000.00, '', TRUE),
(90, 'Viktor Gyokeres', 23, 'FW', 28, 'Sporting CP', 9000.00, '', TRUE),
(91, 'Dejan Kulusevski', 23, 'MF', 26, 'Tottenham Hotspur', 5500.00, '', TRUE),
(92, 'Anthony Elanga', 23, 'FW', 24, 'Nottingham Forest', 2500.00, '', TRUE),
(93, 'Ellyes Skhiri', 24, 'MF', 31, 'Eintracht Frankfurt', 900.00, '', TRUE),
(94, 'Youssef Msakni', 24, 'FW', 35, 'Al Arabi', 120.00, '', TRUE),
(95, 'Aissa Laidouni', 24, 'MF', 29, 'Al Wakrah', 500.00, '', TRUE),
(96, 'Aymen Dahmen', 24, 'GK', 29, 'CS Sfaxien', 90.00, '', TRUE),
(97, 'Kevin De Bruyne', 25, 'MF', 34, 'Napoli', 2500.00, '', TRUE),
(98, 'Romelu Lukaku', 25, 'FW', 33, 'Napoli', 1800.00, '', TRUE),
(99, 'Jeremy Doku', 25, 'FW', 24, 'Manchester City', 6500.00, '', TRUE),
(100, 'Thibaut Courtois', 25, 'GK', 34, 'Real Madrid', 3000.00, '', TRUE),
(101, 'Mohamed Salah', 26, 'FW', 34, 'Liverpool', 5500.00, '', TRUE),
(102, 'Omar Marmoush', 26, 'FW', 27, 'Manchester City', 6000.00, '', TRUE),
(103, 'Trezeguet', 26, 'MF', 31, 'Trabzonspor', 700.00, '', TRUE),
(104, 'Mohamed Elneny', 26, 'MF', 33, 'Al Jazira', 200.00, '', TRUE),
(105, 'Mehdi Taremi', 27, 'FW', 33, 'Inter Milan', 700.00, '', TRUE),
(106, 'Sardar Azmoun', 27, 'FW', 31, 'Shabab Al Ahli', 600.00, '', TRUE),
(107, 'Alireza Jahanbakhsh', 27, 'FW', 32, 'Heerenveen', 250.00, '', TRUE),
(108, 'Alireza Beiranvand', 27, 'GK', 33, 'Persepolis', 120.00, '', TRUE),
(109, 'Chris Wood', 28, 'FW', 34, 'Nottingham Forest', 700.00, '', TRUE),
(110, 'Sarpreet Singh', 28, 'MF', 27, 'Hansa Rostock', 350.00, '', TRUE),
(111, 'Liberato Cacace', 28, 'DF', 25, 'Empoli', 350.00, '', TRUE),
(112, 'Matthew Garbett', 28, 'MF', 24, 'NAC Breda', 200.00, '', TRUE),
(113, 'Rodri', 29, 'MF', 30, 'Manchester City', 11000.00, '', TRUE),
(114, 'Pedri', 29, 'MF', 23, 'Barcelona', 8000.00, '', TRUE),
(115, 'Lamine Yamal', 29, 'FW', 18, 'Barcelona', 15000.00, '', TRUE),
(116, 'Nico Williams', 29, 'FW', 23, 'Athletic Club', 7000.00, '', TRUE),
(117, 'Vozinha', 30, 'GK', 40, 'Chaves', 40.00, '', TRUE),
(118, 'Ryan Mendes', 30, 'FW', 36, 'Fatih Karagumruk', 100.00, '', TRUE),
(119, 'Jovane Cabral', 30, 'FW', 28, 'Salernitana', 350.00, '', TRUE),
(120, 'Dailon Livramento', 30, 'FW', 25, 'Casa Pia', 300.00, '', TRUE),
(121, 'Salem Al-Dawsari', 31, 'FW', 34, 'Al Hilal', 180.00, '', TRUE),
(122, 'Mohamed Kanno', 31, 'MF', 31, 'Al Hilal', 140.00, '', TRUE),
(123, 'Mohammed Al-Burayk', 31, 'DF', 33, 'Al Hilal', 90.00, '', TRUE),
(124, 'Mohammed Al-Owais', 31, 'GK', 34, 'Al Hilal', 80.00, '', TRUE),
(125, 'Federico Valverde', 32, 'MF', 27, 'Real Madrid', 12000.00, '', TRUE),
(126, 'Darwin Nunez', 32, 'FW', 26, 'Liverpool', 6500.00, '', TRUE),
(127, 'Ronald Araujo', 32, 'DF', 27, 'Barcelona', 7000.00, '', TRUE),
(128, 'Manuel Ugarte', 32, 'MF', 25, 'Manchester United', 4500.00, '', TRUE),
(129, 'Kylian Mbappe', 33, 'FW', 27, 'Real Madrid', 18000.00, '', TRUE),
(130, 'Antoine Griezmann', 33, 'MF', 35, 'Atletico Madrid', 2500.00, '', TRUE),
(131, 'Aurelien Tchouameni', 33, 'MF', 26, 'Real Madrid', 9000.00, '', TRUE),
(132, 'Mike Maignan', 33, 'GK', 30, 'AC Milan', 4000.00, '', TRUE),
(133, 'Sadio Mane', 34, 'FW', 34, 'Al Nassr', 900.00, '', TRUE),
(134, 'Kalidou Koulibaly', 34, 'DF', 34, 'Al Hilal', 700.00, '', TRUE),
(135, 'Nicolas Jackson', 34, 'FW', 25, 'Chelsea', 5500.00, '', TRUE),
(136, 'Edouard Mendy', 34, 'GK', 34, 'Al Ahli', 500.00, '', TRUE),
(137, 'Aymen Hussein', 35, 'FW', 30, 'Al Khor', 180.00, '', TRUE),
(138, 'Ali Jasim', 35, 'MF', 22, 'Como', 250.00, '', TRUE),
(139, 'Jalal Hassan', 35, 'GK', 35, 'Al Zawraa', 80.00, '', TRUE),
(140, 'Youssef Amyn', 35, 'MF', 22, 'Eintracht Braunschweig', 300.00, '', TRUE),
(141, 'Erling Haaland', 36, 'FW', 25, 'Manchester City', 20000.00, '', TRUE),
(142, 'Martin Odegaard', 36, 'MF', 27, 'Arsenal', 11000.00, '', TRUE),
(143, 'Alexander Sorloth', 36, 'FW', 30, 'Atletico Madrid', 2500.00, '', TRUE),
(144, 'Antonio Nusa', 36, 'FW', 21, 'RB Leipzig', 2500.00, '', TRUE),
(145, 'Lionel Messi', 37, 'FW', 38, 'Inter Miami', 3000.00, '', TRUE),
(146, 'Julian Alvarez', 37, 'FW', 26, 'Atletico Madrid', 9000.00, '', TRUE),
(147, 'Emiliano Martinez', 37, 'GK', 33, 'Aston Villa', 2800.00, '', TRUE),
(148, 'Alexis Mac Allister', 37, 'MF', 27, 'Liverpool', 7000.00, '', TRUE),
(149, 'Riyad Mahrez', 38, 'FW', 35, 'Al Ahli', 800.00, '', TRUE),
(150, 'Ismael Bennacer', 38, 'MF', 28, 'AC Milan', 1800.00, '', TRUE),
(151, 'Amine Gouiri', 38, 'FW', 26, 'Marseille', 2500.00, '', TRUE),
(152, 'Ramy Bensebaini', 38, 'DF', 30, 'Borussia Dortmund', 700.00, '', TRUE),
(153, 'Marcel Sabitzer', 39, 'MF', 32, 'Borussia Dortmund', 1200.00, '', TRUE),
(154, 'David Alaba', 39, 'DF', 34, 'Real Madrid', 700.00, '', TRUE),
(155, 'Christoph Baumgartner', 39, 'MF', 26, 'RB Leipzig', 2500.00, '', TRUE),
(156, 'Michael Gregoritsch', 39, 'FW', 32, 'Freiburg', 400.00, '', TRUE),
(157, 'Musa Al-Taamari', 40, 'FW', 29, 'Montpellier', 600.00, '', TRUE),
(158, 'Yazan Al-Naimat', 40, 'FW', 27, 'Al Ahli', 350.00, '', TRUE),
(159, 'Yazeed Abu Laila', 40, 'GK', 33, 'Al Hussein', 80.00, '', TRUE),
(160, 'Noor Al-Rawabdeh', 40, 'MF', 29, 'Selangor', 100.00, '', TRUE),
(161, 'Cristiano Ronaldo', 41, 'FW', 41, 'Al Nassr', 1200.00, '', TRUE),
(162, 'Bruno Fernandes', 41, 'MF', 31, 'Manchester United', 7000.00, '', TRUE),
(163, 'Bernardo Silva', 41, 'MF', 31, 'Manchester City', 6000.00, '', TRUE),
(164, 'Ruben Dias', 41, 'DF', 29, 'Manchester City', 8000.00, '', TRUE),
(165, 'Yoane Wissa', 42, 'FW', 29, 'Newcastle United', 3000.00, '', TRUE),
(166, 'Cedric Bakambu', 42, 'FW', 35, 'Real Betis', 300.00, '', TRUE),
(167, 'Chancel Mbemba', 42, 'DF', 31, 'Marseille', 400.00, '', TRUE),
(168, 'Simon Banza', 42, 'FW', 29, 'Braga', 1200.00, '', TRUE),
(169, 'Eldor Shomurodov', 43, 'FW', 30, 'Roma', 500.00, '', TRUE),
(170, 'Abbosbek Fayzullaev', 43, 'MF', 22, 'CSKA Moscow', 600.00, '', TRUE),
(171, 'Jaloliddin Masharipov', 43, 'MF', 32, 'Esteghlal', 350.00, '', TRUE),
(172, 'Utkir Yusupov', 43, 'GK', 35, 'Navbahor', 80.00, '', TRUE),
(173, 'Luis Diaz', 44, 'FW', 29, 'Bayern Munich', 8000.00, '', TRUE),
(174, 'James Rodriguez', 44, 'MF', 34, 'Leon', 250.00, '', TRUE),
(175, 'Jhon Duran', 44, 'FW', 22, 'Al Nassr', 3500.00, '', TRUE),
(176, 'Jefferson Lerma', 44, 'MF', 31, 'Crystal Palace', 1200.00, '', TRUE),
(177, 'Jude Bellingham', 45, 'MF', 22, 'Real Madrid', 18000.00, '', TRUE),
(178, 'Harry Kane', 45, 'FW', 32, 'Bayern Munich', 9000.00, '', TRUE),
(179, 'Bukayo Saka', 45, 'FW', 24, 'Arsenal', 12000.00, '', TRUE),
(180, 'Phil Foden', 45, 'MF', 26, 'Manchester City', 10000.00, '', TRUE),
(181, 'Luka Modric', 46, 'MF', 40, 'AC Milan', 150.00, '', TRUE),
(182, 'Josko Gvardiol', 46, 'DF', 24, 'Manchester City', 7500.00, '', TRUE),
(183, 'Mateo Kovacic', 46, 'MF', 32, 'Manchester City', 2000.00, '', TRUE),
(184, 'Ivan Perisic', 46, 'FW', 37, 'PSV', 120.00, '', TRUE),
(185, 'Mohammed Kudus', 47, 'MF', 25, 'Tottenham Hotspur', 4500.00, '', TRUE),
(186, 'Thomas Partey', 47, 'MF', 33, 'Villarreal', 800.00, '', TRUE),
(187, 'Inaki Williams', 47, 'FW', 32, 'Athletic Club', 1500.00, '', TRUE),
(188, 'Jordan Ayew', 47, 'FW', 34, 'Leicester City', 300.00, '', TRUE),
(189, 'Adalberto Carrasquilla', 48, 'MF', 27, 'Pumas UNAM', 500.00, '', TRUE),
(190, 'Jose Fajardo', 48, 'FW', 32, 'Universidad Catolica', 180.00, '', TRUE),
(191, 'Anibal Godoy', 48, 'MF', 36, 'Nashville SC', 80.00, '', TRUE),
(192, 'Michael Murillo', 48, 'DF', 30, 'Marseille', 250.00, '', TRUE);

INSERT INTO player_card (player_id, card_name, card_type, rarity, base_rating, current_rating, current_value, status)
SELECT
  player_id,
  CONCAT('World Cup 2026 ', player_name),
  CASE
    WHEN market_value >= 5000 THEN 'Epic'
    WHEN market_value >= 2000 THEN 'Featured'
    WHEN market_value >= 700 THEN 'Highlight'
    ELSE 'Standard'
  END,
  CASE
    WHEN market_value >= 8000 THEN 'Platinum'
    WHEN market_value >= 2000 THEN 'Gold'
    WHEN market_value >= 500 THEN 'Silver'
    ELSE 'Bronze'
  END,
  LEAST(96, 70 + FLOOR(market_value / 700) + CASE position WHEN 'GK' THEN 4 WHEN 'DF' THEN 3 WHEN 'MF' THEN 5 ELSE 6 END),
  LEAST(99, 72 + FLOOR(market_value / 650) + CASE position WHEN 'GK' THEN 4 WHEN 'DF' THEN 3 WHEN 'MF' THEN 5 ELSE 6 END),
  ROUND(900 + market_value * 0.62 + player_id * 12, 2),
  CASE
    WHEN market_value >= 3000 THEN 'rising'
    WHEN market_value < 300 THEN 'falling'
    ELSE 'normal'
  END
FROM player
ORDER BY player_id;

INSERT INTO worldcup_match (match_id, home_team_id, away_team_id, match_time, stage, home_score, away_score, status) VALUES
(1, 1, 2, '2026-06-12 03:00:00', 'Group A', NULL, NULL, 'upcoming'),
(2, 3, 4, '2026-06-12 10:00:00', 'Group A', NULL, NULL, 'upcoming'),
(3, 5, 6, '2026-06-13 03:00:00', 'Group B', NULL, NULL, 'upcoming'),
(4, 13, 14, '2026-06-13 09:00:00', 'Group D', NULL, NULL, 'upcoming'),
(5, 9, 10, '2026-06-14 06:00:00', 'Group C', NULL, NULL, 'upcoming'),
(6, 15, 16, '2026-06-14 09:00:00', 'Group D', NULL, NULL, 'upcoming'),
(7, 11, 12, '2026-06-14 00:00:00', 'Group C', NULL, NULL, 'upcoming'),
(8, 7, 8, '2026-06-14 03:00:00', 'Group B', NULL, NULL, 'upcoming'),
(9, 20, 19, '2026-06-15 00:00:00', 'Group E', NULL, NULL, 'upcoming'),
(10, 17, 18, '2026-06-15 03:00:00', 'Group E', NULL, NULL, 'upcoming'),
(11, 22, 21, '2026-06-15 06:00:00', 'Group F', NULL, NULL, 'upcoming'),
(12, 24, 23, '2026-06-15 09:00:00', 'Group F', NULL, NULL, 'upcoming'),
(13, 32, 31, '2026-06-16 00:00:00', 'Group H', NULL, NULL, 'upcoming'),
(14, 29, 30, '2026-06-16 03:00:00', 'Group H', NULL, NULL, 'upcoming'),
(15, 28, 27, '2026-06-16 06:00:00', 'Group G', NULL, NULL, 'upcoming'),
(16, 25, 26, '2026-06-16 09:00:00', 'Group G', NULL, NULL, 'upcoming'),
(17, 33, 34, '2026-06-17 03:00:00', 'Group I', NULL, NULL, 'upcoming'),
(18, 35, 36, '2026-06-17 06:00:00', 'Group I', NULL, NULL, 'upcoming'),
(19, 37, 38, '2026-06-17 09:00:00', 'Group J', NULL, NULL, 'upcoming'),
(20, 39, 40, '2026-06-18 12:00:00', 'Group J', NULL, NULL, 'upcoming'),
(21, 47, 48, '2026-06-18 00:00:00', 'Group L', NULL, NULL, 'upcoming'),
(22, 45, 46, '2026-06-18 03:00:00', 'Group L', NULL, NULL, 'upcoming'),
(23, 43, 44, '2026-06-18 06:00:00', 'Group K', NULL, NULL, 'upcoming'),
(24, 41, 42, '2026-06-18 09:00:00', 'Group K', NULL, NULL, 'upcoming'),
(25, 2, 4, '2026-06-19 00:00:00', 'Group A', NULL, NULL, 'upcoming'),
(26, 8, 6, '2026-06-19 03:00:00', 'Group B', NULL, NULL, 'upcoming'),
(27, 5, 7, '2026-06-19 06:00:00', 'Group B', NULL, NULL, 'upcoming'),
(28, 1, 3, '2026-06-19 09:00:00', 'Group A', NULL, NULL, 'upcoming'),
(29, 9, 11, '2026-06-20 00:00:00', 'Group C', NULL, NULL, 'upcoming'),
(30, 12, 10, '2026-06-20 03:00:00', 'Group C', NULL, NULL, 'upcoming'),
(31, 14, 16, '2026-06-20 06:00:00', 'Group D', NULL, NULL, 'upcoming'),
(32, 13, 15, '2026-06-20 09:00:00', 'Group D', NULL, NULL, 'upcoming'),
(33, 17, 19, '2026-06-21 00:00:00', 'Group E', NULL, NULL, 'upcoming'),
(34, 20, 18, '2026-06-21 03:00:00', 'Group E', NULL, NULL, 'upcoming'),
(35, 21, 23, '2026-06-21 06:00:00', 'Group F', NULL, NULL, 'upcoming'),
(36, 22, 24, '2026-06-21 09:00:00', 'Group F', NULL, NULL, 'upcoming'),
(37, 32, 30, '2026-06-22 00:00:00', 'Group H', NULL, NULL, 'upcoming'),
(38, 29, 31, '2026-06-22 03:00:00', 'Group H', NULL, NULL, 'upcoming'),
(39, 25, 27, '2026-06-22 06:00:00', 'Group G', NULL, NULL, 'upcoming'),
(40, 28, 26, '2026-06-22 09:00:00', 'Group G', NULL, NULL, 'upcoming'),
(41, 36, 34, '2026-06-23 08:00:00', 'Group I', NULL, NULL, 'upcoming'),
(42, 33, 35, '2026-06-23 05:00:00', 'Group I', NULL, NULL, 'upcoming'),
(43, 37, 39, '2026-06-23 02:00:00', 'Group J', NULL, NULL, 'upcoming'),
(44, 40, 38, '2026-06-23 11:00:00', 'Group J', NULL, NULL, 'upcoming'),
(45, 45, 47, '2026-06-24 00:00:00', 'Group L', NULL, NULL, 'upcoming'),
(46, 46, 48, '2026-06-24 03:00:00', 'Group L', NULL, NULL, 'upcoming'),
(47, 41, 43, '2026-06-24 06:00:00', 'Group K', NULL, NULL, 'upcoming'),
(48, 44, 42, '2026-06-24 09:00:00', 'Group K', NULL, NULL, 'upcoming'),
(49, 9, 12, '2026-06-25 03:00:00', 'Group C', NULL, NULL, 'upcoming'),
(50, 10, 11, '2026-06-25 03:00:00', 'Group C', NULL, NULL, 'upcoming'),
(51, 8, 5, '2026-06-25 06:00:00', 'Group B', NULL, NULL, 'upcoming'),
(52, 7, 6, '2026-06-25 06:00:00', 'Group B', NULL, NULL, 'upcoming'),
(53, 1, 4, '2026-06-25 09:00:00', 'Group A', NULL, NULL, 'upcoming'),
(54, 2, 3, '2026-06-25 09:00:00', 'Group A', NULL, NULL, 'upcoming'),
(55, 18, 19, '2026-06-26 00:00:00', 'Group E', NULL, NULL, 'upcoming'),
(56, 17, 20, '2026-06-26 00:00:00', 'Group E', NULL, NULL, 'upcoming'),
(57, 22, 23, '2026-06-26 03:00:00', 'Group F', NULL, NULL, 'upcoming'),
(58, 21, 24, '2026-06-26 03:00:00', 'Group F', NULL, NULL, 'upcoming'),
(59, 13, 16, '2026-06-26 06:00:00', 'Group D', NULL, NULL, 'upcoming'),
(60, 14, 15, '2026-06-26 06:00:00', 'Group D', NULL, NULL, 'upcoming'),
(61, 36, 33, '2026-06-27 03:00:00', 'Group I', NULL, NULL, 'upcoming'),
(62, 34, 35, '2026-06-27 03:00:00', 'Group I', NULL, NULL, 'upcoming'),
(63, 26, 27, '2026-06-27 06:00:00', 'Group G', NULL, NULL, 'upcoming'),
(64, 25, 28, '2026-06-27 06:00:00', 'Group G', NULL, NULL, 'upcoming'),
(65, 31, 30, '2026-06-27 09:00:00', 'Group H', NULL, NULL, 'upcoming'),
(66, 29, 32, '2026-06-27 09:00:00', 'Group H', NULL, NULL, 'upcoming'),
(67, 45, 48, '2026-06-28 00:00:00', 'Group L', NULL, NULL, 'upcoming'),
(68, 46, 47, '2026-06-28 00:00:00', 'Group L', NULL, NULL, 'upcoming'),
(69, 39, 38, '2026-06-28 03:00:00', 'Group J', NULL, NULL, 'upcoming'),
(70, 37, 40, '2026-06-28 03:00:00', 'Group J', NULL, NULL, 'upcoming'),
(71, 44, 41, '2026-06-28 06:00:00', 'Group K', NULL, NULL, 'upcoming'),
(72, 43, 42, '2026-06-28 06:00:00', 'Group K', NULL, NULL, 'upcoming'),
(73, 1, 5, '2026-05-05 20:00:00', 'Course Demo Warm-up', 2, 1, 'finished'),
(74, 9, 13, '2026-05-06 20:00:00', 'Course Demo Warm-up', 1, 1, 'finished');

INSERT INTO match_guess (guess_id, user_id, match_id, guess_result, guess_home_score, guess_away_score, is_correct, points_awarded, created_at) VALUES
(1, 1, 1, 'home', 2, 1, NULL, 0, '2026-05-20 10:00:00'),
(2, 2, 1, 'draw', 1, 1, NULL, 0, '2026-05-20 10:05:00'),
(3, 3, 7, 'home', 2, 0, NULL, 0, '2026-05-20 11:00:00'),
(4, 4, 13, 'home', 2, 1, NULL, 0, '2026-05-20 12:00:00'),
(5, 5, 25, 'home', 3, 1, NULL, 0, '2026-05-20 13:00:00'),
(6, 6, 31, 'away', 1, 2, NULL, 0, '2026-05-20 14:00:00'),
(7, 7, 37, 'away', 0, 2, NULL, 0, '2026-05-20 15:00:00'),
(8, 8, 55, 'home', 2, 0, NULL, 0, '2026-05-20 16:00:00'),
(9, 1, 73, 'home', 2, 1, TRUE, 30, '2026-05-01 09:00:00'),
(10, 2, 73, 'draw', 1, 1, FALSE, 0, '2026-05-01 09:10:00'),
(11, 3, 74, 'draw', 1, 1, TRUE, 30, '2026-05-02 09:00:00'),
(12, 4, 74, 'draw', 2, 2, TRUE, 10, '2026-05-02 09:20:00'),
(13, 5, 73, 'home', 3, 1, TRUE, 10, '2026-05-01 09:30:00'),
(14, 6, 73, 'away', 1, 2, FALSE, 0, '2026-05-01 09:35:00'),
(15, 7, 74, 'draw', 0, 0, TRUE, 10, '2026-05-02 09:35:00'),
(16, 8, 74, 'home', 2, 1, FALSE, 0, '2026-05-02 09:40:00'),
(17, 9, 73, 'home', 2, 0, TRUE, 10, '2026-05-01 09:45:00'),
(18, 10, 74, 'draw', 1, 1, TRUE, 30, '2026-05-02 09:45:00'),
(19, 11, 73, 'home', 2, 1, TRUE, 30, '2026-05-01 09:50:00'),
(20, 12, 74, 'away', 0, 1, FALSE, 0, '2026-05-02 09:50:00'),
(21, 13, 73, 'draw', 1, 1, FALSE, 0, '2026-05-01 09:55:00'),
(22, 14, 74, 'draw', 2, 2, TRUE, 10, '2026-05-02 09:55:00'),
(23, 15, 73, 'home', 1, 0, TRUE, 10, '2026-05-01 10:00:00'),
(24, 16, 74, 'home', 3, 2, FALSE, 0, '2026-05-02 10:00:00');

INSERT INTO point_record (record_id, user_id, match_id, points_change, reason, created_at) VALUES
(1, 1, 73, 30, 'Exact score bonus', '2026-05-05 22:20:00'),
(2, 3, 74, 30, 'Exact score bonus', '2026-05-06 22:20:00'),
(3, 4, 74, 10, 'Correct result', '2026-05-06 22:25:00'),
(4, 5, 73, 10, 'Correct result', '2026-05-05 22:30:00'),
(5, 7, 74, 10, 'Correct result', '2026-05-06 22:30:00'),
(6, 9, 73, 10, 'Correct result', '2026-05-05 22:35:00'),
(7, 10, 74, 30, 'Exact score bonus', '2026-05-06 22:35:00'),
(8, 11, 73, 30, 'Exact score bonus', '2026-05-05 22:40:00'),
(9, 14, 74, 10, 'Correct result', '2026-05-06 22:40:00'),
(10, 15, 73, 10, 'Correct result', '2026-05-05 22:45:00');

INSERT INTO card_value_record (card_id, match_id, old_value, new_value, change_reason, changed_at) VALUES
((SELECT card_id FROM player_card WHERE player_id = 3), 73, 3600.00, 4200.00, 'goal', '2026-05-05 22:30:00'),
((SELECT card_id FROM player_card WHERE player_id = 17), 73, 5000.00, 5450.00, 'assist', '2026-05-05 22:35:00'),
((SELECT card_id FROM player_card WHERE player_id = 33), 74, 9800.00, 10400.00, 'goal', '2026-05-06 22:30:00'),
((SELECT card_id FROM player_card WHERE player_id = 49), 74, 4700.00, 5100.00, 'goal', '2026-05-06 22:35:00'),
((SELECT card_id FROM player_card WHERE player_id = 35), 74, 3900.00, 3700.00, 'poor_performance', '2026-05-06 22:40:00');
